INSERT INTO CATEGORY(ID, PART) VALUES (1,'셔츠')
INSERT INTO CATEGORY(ID, PART) VALUES (2,'바지')
INSERT INTO CATEGORY(ID, PART) VALUES (3,'코트')


INSERT INTO ITEM (ID, COLOR, DETAIL,GENDER, IMG, NAME, PRICE, RELEASE, SIZE, STYLE, WEATHER, CATEGORY_ID) VALUES (1,'블랙,화이트,네이비','이쁜 셔츠에요','여성','"../img/merchandise/1.PNG"','다우니 나염 블라우스',30000,'2017-08-17','프리','이국','봄-가을',1)
INSERT INTO ITEM (ID, COLOR, DETAIL,GENDER, IMG, NAME, PRICE, RELEASE, SIZE, STYLE, WEATHER, CATEGORY_ID) VALUES (2,'옐로,그린,블루','이쁜 바지에요','여성','"../img/merchandise/2.PNG"','푸리나 큰통바지',35000,'2017-08-17','45,55,65','홍대','봄-가을',2)
INSERT INTO ITEM (ID, COLOR, DETAIL,GENDER, IMG, NAME, PRICE, RELEASE, SIZE, STYLE, WEATHER, CATEGORY_ID) VALUES (3,'블랙,화이트','이쁜 코트에요','여성','"../img/merchandise/3.PNG"','시크코트',70000,'2017-08-17','프리','시크','가을-겨울',3)

INSERT INTO MERCHANDISE (ID, COLOR, NUMBER, SIZE, ITEM_ID, AMOUNT) VALUES (1, '블랙','100-1','프리',1,3)
INSERT INTO MERCHANDISE (ID, COLOR, NUMBER, SIZE, ITEM_ID, AMOUNT) VALUES (2, '화이트','100-2','프리',1,4)
INSERT INTO MERCHANDISE (ID, COLOR, NUMBER, SIZE, ITEM_ID, AMOUNT) VALUES (3, '네이비','100-3','프리',1,2)

INSERT INTO MERCHANDISE (ID, COLOR, NUMBER, SIZE, ITEM_ID, AMOUNT) VALUES (4, '그린','200-1','45',2,3)
INSERT INTO MERCHANDISE (ID, COLOR, NUMBER, SIZE, ITEM_ID, AMOUNT) VALUES (5, '그린','200-2','55',2,5)
INSERT INTO MERCHANDISE (ID, COLOR, NUMBER, SIZE, ITEM_ID, AMOUNT) VALUES (6, '그린','200-3','65',2,4)

INSERT INTO MERCHANDISE (ID, COLOR, NUMBER, SIZE, ITEM_ID, AMOUNT) VALUES (7, '블루','200-4','45',2,7)
INSERT INTO MERCHANDISE (ID, COLOR, NUMBER, SIZE, ITEM_ID, AMOUNT) VALUES (8, '블루','200-5','55',2,6)
INSERT INTO MERCHANDISE (ID, COLOR, NUMBER, SIZE, ITEM_ID, AMOUNT) VALUES (9, '블루','200-6','65',2,6)

INSERT INTO MERCHANDISE (ID, COLOR, NUMBER, SIZE, ITEM_ID, AMOUNT) VALUES (10, '옐로','200-7','45',2,7)
INSERT INTO MERCHANDISE (ID, COLOR, NUMBER, SIZE, ITEM_ID, AMOUNT) VALUES (11, '옐로','200-8','55',2,8)
INSERT INTO MERCHANDISE (ID, COLOR, NUMBER, SIZE, ITEM_ID, AMOUNT) VALUES (12, '옐로','200-9','65',2,8)


INSERT INTO MERCHANDISE (ID, COLOR, NUMBER, SIZE, ITEM_ID, AMOUNT) VALUES (13, '블랙','300-1','프리',3,5)
INSERT INTO MERCHANDISE (ID, COLOR, NUMBER, SIZE, ITEM_ID, AMOUNT) VALUES (14, '화이트','300-2','프리',3,7)


